Sample ID,User ID,Date,Time,ng/ul,A260,A280,260/280,260/230,Constant,Cursor Pos.,Cursor abs.,340 raw,Measurement Type,Serial #,Config.,220.0,221.0,222.0,223.0,224.0,225.0,226.0,227.0,228.0,229.0,230.0,231.0,232.0,233.0,234.0,235.0,236.0,237.0,238.0,239.0,240.0,241.0,242.0,243.0,244.0,245.0,246.0,247.0,248.0,249.0,250.0,251.0,252.0,253.0,254.0,255.0,256.0,257.0,258.0,259.0,260.0,261.0,262.0,263.0,264.0,265.0,266.0,267.0,268.0,269.0,270.0,271.0,272.0,273.0,274.0,275.0,276.0,277.0,278.0,279.0,280.0,281.0,282.0,283.0,284.0,285.0,286.0,287.0,288.0,289.0,290.0,291.0,292.0,293.0,294.0,295.0,296.0,297.0,298.0,299.0,300.0,301.0,302.0,303.0,304.0,305.0,306.0,307.0,308.0,309.0,310.0,311.0,312.0,313.0,314.0,315.0,316.0,317.0,318.0,319.0,320.0,321.0,322.0,323.0,324.0,325.0,326.0,327.0,328.0,329.0,330.0,331.0,332.0,333.0,334.0,335.0,336.0,337.0,338.0,339.0,340.0,341.0,342.0,343.0,344.0,345.0,346.0,347.0,348.0,349.0,350.0
NA,Default,3/25/2019,11:24:00,0,0,0,NaN,NaN,40,230,0,0,Blank,USB2G21950B9155,1.010104/0.08/128/32,0,0,0,0,0,0,0,0,0,0,0,0,0,0,0,0,0,0,0,0,0,0,0,0,0,0,0,0,0,0,0,0,0,0,0,0,0,0,0,0,0,0,0,0,0,0,0,0,0,0,0,0,0,0,0,0,0,0,0,0,0,0,0,0,0,0,0,0,0,0,0,0,0,0,0,0,0,0,0,0,0,0,0,0,0,0,0,0,0,0,0,0,0,0,0,0,0,0,0,0,0,0,0,0,0,0,0,0,0,0,0,0,0,0,0,0,0,0,0,0,0,0,0,0,0,0,0,0,0,0,0
NA,Default,3/25/2019,11:24:00,87.53,2.188,1.107,1.98,1.25,40,230,1.753,0.136,Measure,USB2G21950B9155,1.010104/0.08/128/32,1.939,1.973,1.978,1.982,1.978,1.959,1.91,1.861,1.829,1.803,1.753,1.716,1.658,1.588,1.529,1.476,1.449,1.445,1.477,1.51,1.531,1.573,1.61,1.652,1.724,1.775,1.805,1.854,1.896,1.916,1.953,1.986,2.012,2.044,2.075,2.09,2.142,2.19,2.198,2.197,2.188,2.182,2.166,2.137,2.106,2.039,1.981,1.954,1.9,1.846,1.816,1.759,1.696,1.653,1.58,1.504,1.446,1.353,1.257,1.197,1.107,1.02,0.936,0.887,0.821,0.76,0.72,0.66,0.604,0.569,0.516,0.458,0.421,0.373,0.326,0.297,0.259,0.226,0.203,0.186,0.165,0.143,0.129,0.113,0.103,0.096,0.083,0.076,0.063,0.057,0.054,0.049,0.045,0.04,0.037,0.036,0.037,0.04,0.034,0.033,0.031,0.026,0.026,0.026,0.025,0.021,0.021,0.024,0.026,0.026,0.02,0.017,0.018,0.018,0.01,0.004,-0,-0.002,0.004,0.004,0,-0.003,0.002,0,-0.002,-0.006,-0.012,-0.009,-0.009,-0.01,-0.011
NA,Default,3/25/2019,11:25:00,93.23,2.331,1.154,2.02,1.66,40,230,1.405,-0.446,Measure,USB2G21950B9155,1.010104/0.08/128/32,1.474,1.512,1.532,1.484,1.515,1.513,1.475,1.473,1.452,1.428,1.405,1.411,1.399,1.377,1.376,1.373,1.402,1.438,1.512,1.575,1.604,1.665,1.723,1.759,1.854,1.914,1.943,1.993,2.053,2.077,2.115,2.16,2.183,2.225,2.26,2.285,2.323,2.356,2.354,2.345,2.331,2.323,2.304,2.261,2.223,2.136,2.069,2.027,1.959,1.894,1.856,1.799,1.734,1.686,1.617,1.547,1.491,1.401,1.308,1.243,1.154,1.073,0.986,0.935,0.865,0.802,0.76,0.698,0.638,0.599,0.543,0.477,0.439,0.385,0.333,0.302,0.264,0.232,0.204,0.189,0.168,0.146,0.137,0.111,0.098,0.09,0.075,0.064,0.05,0.046,0.04,0.041,0.036,0.033,0.033,0.037,0.039,0.038,0.031,0.026,0.024,0.019,0.021,0.021,0.019,0.018,0.018,0.021,0.018,0.014,0.006,0.002,0,-0.001,-0.005,-0.009,-0.01,-0.009,-0.002,0,0,-0.004,-0.003,-0.006,-0.008,-0.013,-0.02,-0.019,-0.018,-0.02,-0.019
NA,Default,3/25/2019,11:25:00,96.91,2.423,1.227,1.97,1.13,40,230,2.152,0.128,Measure,USB2G21950B9155,1.010104/0.08/128/32,2.434,2.525,2.542,2.521,2.507,2.473,2.408,2.347,2.299,2.223,2.152,2.107,2.016,1.896,1.812,1.722,1.678,1.668,1.671,1.688,1.697,1.726,1.75,1.779,1.854,1.903,1.932,1.977,2.031,2.056,2.1,2.147,2.171,2.221,2.261,2.291,2.347,2.409,2.419,2.421,2.423,2.42,2.412,2.388,2.361,2.292,2.245,2.22,2.161,2.098,2.059,1.997,1.923,1.876,1.8,1.712,1.643,1.535,1.418,1.335,1.227,1.118,1.008,0.945,0.867,0.798,0.746,0.676,0.609,0.568,0.511,0.445,0.407,0.357,0.309,0.281,0.249,0.215,0.189,0.174,0.153,0.126,0.117,0.096,0.082,0.074,0.059,0.047,0.036,0.032,0.032,0.036,0.033,0.031,0.029,0.028,0.031,0.03,0.024,0.015,0.014,0.012,0.016,0.021,0.017,0.017,0.018,0.019,0.015,0.015,0.01,0.003,0.003,0.001,-0.005,-0.01,-0.01,-0.01,-0.003,0,0,0,0.008,0.003,0.003,-0.003,-0.01,-0.011,-0.015,-0.022,-0.025
NA,Default,3/25/2019,11:26:00,95.54,2.389,1.191,2.01,1.76,40,230,1.358,0.123,Measure,USB2G21950B9155,1.010104/0.08/128/32,1.415,1.405,1.417,1.428,1.418,1.407,1.393,1.392,1.375,1.373,1.358,1.362,1.369,1.368,1.374,1.384,1.412,1.449,1.529,1.603,1.63,1.685,1.748,1.795,1.892,1.955,1.985,2.037,2.095,2.125,2.159,2.2,2.224,2.262,2.298,2.323,2.367,2.406,2.406,2.401,2.389,2.381,2.363,2.321,2.277,2.184,2.116,2.08,2.008,1.943,1.905,1.842,1.772,1.73,1.653,1.576,1.521,1.43,1.334,1.273,1.191,1.114,1.034,0.981,0.914,0.848,0.806,0.735,0.673,0.631,0.571,0.511,0.471,0.422,0.369,0.341,0.303,0.269,0.243,0.223,0.199,0.175,0.162,0.14,0.123,0.112,0.097,0.086,0.068,0.06,0.056,0.053,0.05,0.046,0.044,0.042,0.044,0.041,0.035,0.031,0.03,0.028,0.031,0.03,0.029,0.027,0.027,0.029,0.022,0.022,0.014,0.009,0.013,0.014,0.005,0.002,0.002,0.001,0.004,0.005,0,-0.002,0.006,0,0.004,-0.004,-0.007,-0.008,-0.01,-0.017,-0.022
NA,Default,3/25/2019,11:26:00,86.46,2.161,1.067,2.03,1.28,40,230,1.689,0.119,Measure,USB2G21950B9155,1.010104/0.08/128/32,1.752,1.808,1.854,1.861,1.883,1.888,1.86,1.813,1.779,1.736,1.689,1.666,1.618,1.543,1.494,1.452,1.432,1.444,1.468,1.495,1.511,1.546,1.585,1.617,1.703,1.746,1.778,1.82,1.867,1.893,1.923,1.962,1.978,2.018,2.049,2.072,2.126,2.169,2.175,2.17,2.161,2.155,2.138,2.112,2.08,2.008,1.959,1.932,1.876,1.819,1.79,1.736,1.666,1.623,1.548,1.47,1.409,1.319,1.222,1.152,1.067,0.985,0.904,0.855,0.789,0.726,0.685,0.627,0.569,0.53,0.479,0.42,0.385,0.337,0.291,0.262,0.232,0.201,0.175,0.16,0.141,0.117,0.106,0.089,0.078,0.073,0.063,0.054,0.042,0.038,0.035,0.031,0.027,0.017,0.014,0.015,0.018,0.016,0.013,0.01,0.008,0.008,0.006,0.007,0.007,0.009,0.01,0.015,0.013,0.011,0.006,-0.002,-0.005,-0.006,-0.015,-0.016,-0.015,-0.013,-0.004,0.002,0,-0.005,0.004,0.002,0.004,-0.003,-0.004,-0.003,-0.001,-0.004,-0.012
NA,Default,3/25/2019,11:27:00,91.99,2.3,1.167,1.97,1.63,40,230,1.413,0.142,Measure,USB2G21950B9155,1.010104/0.08/128/32,1.503,1.536,1.53,1.497,1.471,1.469,1.465,1.458,1.445,1.427,1.413,1.406,1.403,1.375,1.357,1.354,1.378,1.406,1.461,1.528,1.563,1.62,1.676,1.724,1.808,1.87,1.911,1.964,2.012,2.039,2.077,2.118,2.146,2.18,2.201,2.22,2.274,2.318,2.316,2.312,2.3,2.29,2.271,2.241,2.196,2.109,2.054,2.016,1.959,1.895,1.86,1.797,1.729,1.692,1.618,1.545,1.49,1.401,1.306,1.248,1.167,1.083,1.001,0.945,0.879,0.816,0.773,0.704,0.645,0.604,0.546,0.486,0.447,0.397,0.349,0.32,0.283,0.25,0.224,0.207,0.189,0.165,0.148,0.128,0.111,0.105,0.094,0.077,0.059,0.054,0.054,0.046,0.042,0.036,0.034,0.033,0.035,0.031,0.028,0.027,0.024,0.024,0.023,0.021,0.021,0.022,0.022,0.024,0.019,0.014,0.009,0.005,0.006,0.005,0.001,0.004,0.002,0.001,0.007,0.006,0,-0.007,-0.004,-0.013,-0.015,-0.019,-0.023,-0.022,-0.022,-0.025,-0.031
NA,Default,3/25/2019,11:27:00,96.9,2.422,1.238,1.96,1.16,40,230,2.097,0.128,Measure,USB2G21950B9155,1.010104/0.08/128/32,2.154,2.22,2.256,2.337,2.377,2.37,2.329,2.289,2.234,2.168,2.097,2.049,1.968,1.865,1.785,1.687,1.648,1.635,1.648,1.661,1.681,1.711,1.742,1.776,1.854,1.905,1.932,1.977,2.026,2.049,2.088,2.125,2.152,2.196,2.236,2.274,2.337,2.409,2.419,2.422,2.422,2.419,2.412,2.387,2.359,2.288,2.248,2.223,2.166,2.106,2.073,2.011,1.94,1.89,1.807,1.716,1.655,1.545,1.428,1.35,1.238,1.132,1.03,0.966,0.879,0.807,0.756,0.682,0.617,0.578,0.519,0.458,0.419,0.369,0.327,0.299,0.266,0.233,0.205,0.188,0.17,0.148,0.133,0.11,0.095,0.087,0.079,0.071,0.054,0.045,0.044,0.042,0.039,0.035,0.028,0.028,0.031,0.028,0.022,0.017,0.014,0.015,0.015,0.013,0.012,0.012,0.015,0.019,0.017,0.016,0.007,0.004,0.005,0.005,-0.002,-0.005,-0.009,-0.009,0.002,0.004,0,-0.005,0,-0.003,0.002,-0.001,-0.006,-0.007,-0.006,-0.012,-0.02
NA,Default,3/25/2019,11:28:00,92.65,2.316,1.117,2.07,1.71,40,230,1.353,0.11,Measure,USB2G21950B9155,1.010104/0.08/128/32,1.306,1.32,1.297,1.311,1.348,1.351,1.382,1.374,1.367,1.365,1.353,1.345,1.337,1.316,1.302,1.325,1.353,1.389,1.461,1.53,1.572,1.637,1.694,1.74,1.836,1.896,1.927,1.983,2.044,2.072,2.107,2.147,2.172,2.212,2.249,2.266,2.302,2.34,2.341,2.333,2.316,2.306,2.282,2.249,2.206,2.114,2.049,2.008,1.937,1.879,1.843,1.775,1.703,1.658,1.575,1.502,1.448,1.353,1.258,1.196,1.117,1.04,0.965,0.918,0.853,0.792,0.749,0.686,0.626,0.586,0.528,0.463,0.425,0.374,0.329,0.298,0.261,0.226,0.199,0.178,0.157,0.132,0.113,0.094,0.08,0.074,0.061,0.051,0.032,0.023,0.025,0.023,0.022,0.017,0.016,0.018,0.023,0.025,0.017,0.013,0.006,0.004,-0.001,-0.001,-0.002,0,0,0.004,0.003,0.004,0.004,-0.002,-0.004,-0.005,-0.012,-0.011,-0.007,-0.006,0.001,0.003,0,-0.004,0.006,0.005,0.003,-0.003,-0.006,0,0.001,-0.004,-0.012
NA,Default,3/25/2019,11:28:00,109.85,2.746,1.378,1.99,1.83,40,230,1.504,0.147,Measure,USB2G21950B9155,1.010104/0.08/128/32,1.542,1.491,1.485,1.475,1.528,1.511,1.522,1.524,1.508,1.513,1.504,1.505,1.51,1.505,1.509,1.522,1.568,1.599,1.692,1.794,1.849,1.927,2,2.058,2.172,2.251,2.299,2.362,2.431,2.465,2.512,2.565,2.602,2.651,2.683,2.703,2.741,2.78,2.775,2.764,2.746,2.738,2.712,2.674,2.625,2.525,2.446,2.397,2.312,2.233,2.19,2.111,2.027,1.973,1.89,1.81,1.747,1.642,1.535,1.467,1.378,1.291,1.197,1.136,1.053,0.982,0.933,0.85,0.775,0.731,0.663,0.592,0.55,0.492,0.433,0.398,0.352,0.308,0.272,0.25,0.218,0.181,0.163,0.138,0.12,0.113,0.098,0.086,0.074,0.066,0.062,0.058,0.055,0.047,0.043,0.039,0.04,0.041,0.039,0.038,0.034,0.032,0.035,0.034,0.03,0.03,0.03,0.027,0.022,0.018,0.014,0.008,0.007,0.007,-0.001,-0.001,0.002,-0,0.002,0.004,0,-0.004,0.001,-0.005,-0.007,-0.014,-0.017,-0.012,-0.01,-0.013,-0.017
NA,Default,3/25/2019,11:29:00,142.6,3.565,1.777,2.01,1.35,40,230,2.639,0.135,Measure,USB2G21950B9155,1.010104/0.08/128/32,2.578,2.717,2.722,2.81,2.89,2.883,2.875,2.815,2.76,2.704,2.639,2.593,2.512,2.414,2.342,2.288,2.281,2.285,2.35,2.418,2.467,2.524,2.589,2.641,2.76,2.847,2.893,2.969,3.05,3.093,3.153,3.219,3.263,3.335,3.388,3.428,3.491,3.564,3.574,3.574,3.565,3.553,3.529,3.486,3.439,3.326,3.229,3.178,3.076,2.985,2.928,2.83,2.721,2.647,2.536,2.418,2.33,2.175,2.023,1.915,1.777,1.639,1.495,1.41,1.299,1.202,1.129,1.029,0.936,0.878,0.794,0.701,0.644,0.567,0.491,0.444,0.383,0.332,0.292,0.264,0.229,0.188,0.175,0.143,0.123,0.113,0.097,0.086,0.072,0.064,0.06,0.058,0.052,0.043,0.038,0.038,0.042,0.043,0.036,0.034,0.034,0.031,0.029,0.026,0.021,0.019,0.017,0.023,0.021,0.021,0.018,0.011,0.013,0.013,0.011,0,-0.002,-0.002,0.002,0.006,0,-0.004,0.009,0.006,0.006,0.001,-0.006,-0.005,-0.003,-0.01,-0.018
NA,Default,3/25/2019,11:29:00,134.97,3.374,1.712,1.97,1.21,40,230,2.789,0.19,Measure,USB2G21950B9155,1.010104/0.08/128/32,2.948,3.127,3.119,3.161,3.187,3.166,3.11,3.017,2.961,2.877,2.789,2.735,2.637,2.497,2.388,2.278,2.216,2.199,2.237,2.273,2.299,2.348,2.413,2.459,2.573,2.645,2.685,2.751,2.829,2.865,2.92,2.985,3.028,3.1,3.163,3.208,3.278,3.356,3.371,3.378,3.374,3.371,3.358,3.327,3.288,3.201,3.134,3.091,3.013,2.935,2.884,2.795,2.698,2.634,2.52,2.402,2.306,2.149,1.984,1.868,1.712,1.564,1.418,1.327,1.213,1.11,1.045,0.946,0.858,0.802,0.722,0.637,0.585,0.519,0.451,0.407,0.356,0.308,0.274,0.248,0.216,0.183,0.166,0.141,0.124,0.117,0.102,0.092,0.076,0.068,0.063,0.056,0.053,0.043,0.036,0.03,0.032,0.032,0.027,0.025,0.023,0.025,0.028,0.028,0.026,0.024,0.025,0.028,0.023,0.022,0.016,0.011,0.008,0.008,-0.001,-0,-0.001,-0.003,0.002,0.003,0,-0.006,0.001,-0.009,-0.011,-0.017,-0.021,-0.019,-0.018,-0.023,-0.027
NA,Default,3/25/2019,11:30:00,104.37,2.609,1.314,1.99,1.5,40,230,1.74,0.147,Measure,USB2G21950B9155,1.010104/0.08/128/32,1.914,1.949,1.969,1.906,1.891,1.851,1.83,1.821,1.798,1.774,1.74,1.726,1.7,1.666,1.635,1.607,1.621,1.643,1.709,1.766,1.797,1.849,1.904,1.946,2.043,2.107,2.143,2.2,2.264,2.296,2.34,2.388,2.423,2.473,2.503,2.528,2.57,2.622,2.624,2.625,2.609,2.6,2.584,2.554,2.515,2.425,2.357,2.312,2.241,2.175,2.136,2.062,1.986,1.935,1.853,1.765,1.701,1.593,1.485,1.415,1.314,1.218,1.121,1.059,0.975,0.906,0.854,0.775,0.705,0.662,0.6,0.533,0.493,0.437,0.392,0.361,0.319,0.28,0.25,0.229,0.205,0.173,0.153,0.125,0.11,0.106,0.088,0.073,0.056,0.047,0.043,0.039,0.035,0.028,0.028,0.03,0.034,0.033,0.029,0.024,0.024,0.024,0.022,0.023,0.021,0.024,0.025,0.028,0.025,0.021,0.018,0.008,0.009,0.007,-0.001,-0.002,-0.003,-0.004,0,0.004,0,-0.007,0.001,-0.007,-0.008,-0.014,-0.021,-0.02,-0.02,-0.023,-0.028
NA,Default,3/25/2019,11:30:00,110.44,2.761,1.364,2.02,1.87,40,230,1.475,0.174,Measure,USB2G21950B9155,1.010104/0.08/128/32,1.546,1.557,1.534,1.488,1.531,1.527,1.526,1.498,1.485,1.485,1.475,1.485,1.482,1.485,1.496,1.523,1.579,1.612,1.711,1.799,1.851,1.918,1.99,2.043,2.164,2.243,2.284,2.359,2.43,2.464,2.514,2.565,2.592,2.647,2.684,2.696,2.743,2.789,2.787,2.779,2.761,2.747,2.721,2.678,2.626,2.523,2.443,2.397,2.315,2.246,2.202,2.126,2.045,1.988,1.901,1.814,1.749,1.64,1.533,1.461,1.364,1.27,1.175,1.115,1.034,0.964,0.913,0.841,0.77,0.725,0.654,0.581,0.537,0.469,0.406,0.363,0.315,0.276,0.248,0.228,0.2,0.174,0.158,0.138,0.125,0.113,0.099,0.083,0.067,0.06,0.061,0.054,0.047,0.047,0.045,0.045,0.046,0.038,0.028,0.026,0.021,0.02,0.022,0.022,0.027,0.032,0.035,0.035,0.031,0.026,0.019,0.012,0.012,0.009,0.004,0.006,0.002,0.001,0.006,0.005,0,0,0.004,-0.002,-0.002,-0.006,-0.008,0,0,-0.01,-0.012
NA,Default,3/25/2019,11:31:00,142.63,3.566,1.774,2.01,1.37,40,230,2.607,0.13,Measure,USB2G21950B9155,1.010104/0.08/128/32,2.785,2.918,2.921,2.937,2.924,2.893,2.856,2.797,2.751,2.676,2.607,2.568,2.498,2.406,2.339,2.272,2.262,2.27,2.34,2.4,2.443,2.508,2.581,2.641,2.762,2.847,2.888,2.969,3.052,3.093,3.149,3.211,3.252,3.317,3.379,3.416,3.482,3.561,3.576,3.573,3.566,3.561,3.539,3.498,3.448,3.329,3.238,3.186,3.088,2.991,2.934,2.838,2.729,2.661,2.547,2.427,2.337,2.182,2.025,1.918,1.774,1.628,1.487,1.401,1.292,1.195,1.127,1.03,0.935,0.876,0.793,0.694,0.636,0.555,0.481,0.433,0.37,0.319,0.281,0.255,0.221,0.186,0.164,0.138,0.123,0.115,0.1,0.086,0.067,0.056,0.052,0.046,0.039,0.03,0.025,0.03,0.032,0.032,0.023,0.026,0.026,0.026,0.024,0.02,0.02,0.018,0.021,0.02,0.018,0.011,0.008,0.003,0.005,0.006,0.002,-0,-0.003,-0.004,0.001,0.003,0,-0.005,-0,-0.008,-0.011,-0.018,-0.027,-0.026,-0.025,-0.029,-0.033
NA,Default,3/25/2019,11:31:00,135.83,3.396,1.697,2,1.23,40,230,2.76,0.13,Measure,USB2G21950B9155,1.010104/0.08/128/32,2.959,3.078,3.079,3.08,3.132,3.107,3.038,2.968,2.909,2.839,2.76,2.695,2.596,2.468,2.366,2.266,2.208,2.199,2.229,2.273,2.302,2.351,2.409,2.457,2.569,2.642,2.682,2.747,2.82,2.859,2.914,2.977,3.016,3.082,3.152,3.192,3.278,3.369,3.385,3.399,3.396,3.397,3.382,3.352,3.311,3.222,3.152,3.11,3.033,2.95,2.901,2.809,2.709,2.637,2.522,2.398,2.299,2.138,1.972,1.856,1.697,1.546,1.401,1.314,1.204,1.108,1.037,0.945,0.856,0.801,0.718,0.629,0.573,0.502,0.44,0.398,0.346,0.307,0.273,0.25,0.219,0.186,0.169,0.146,0.126,0.116,0.103,0.086,0.069,0.06,0.058,0.052,0.048,0.043,0.039,0.038,0.04,0.035,0.027,0.026,0.022,0.022,0.025,0.022,0.025,0.029,0.03,0.032,0.027,0.021,0.014,0.009,0.008,0.007,0.001,-0,-0,-0.002,0.002,0.004,0,-0.006,0.001,-0.005,-0.007,-0.009,-0.019,-0.018,-0.018,-0.023,-0.025
NA,Default,3/25/2019,11:32:00,104.03,2.601,1.27,2.05,1.52,40,230,1.715,0.161,Measure,USB2G21950B9155,1.010104/0.08/128/32,1.914,1.88,1.886,1.811,1.793,1.81,1.797,1.777,1.746,1.73,1.715,1.709,1.681,1.644,1.62,1.593,1.606,1.632,1.687,1.753,1.793,1.839,1.898,1.941,2.041,2.106,2.14,2.197,2.256,2.286,2.33,2.381,2.41,2.457,2.498,2.519,2.568,2.612,2.618,2.613,2.601,2.592,2.574,2.538,2.498,2.412,2.344,2.302,2.228,2.162,2.118,2.05,1.972,1.918,1.826,1.735,1.668,1.557,1.447,1.372,1.27,1.175,1.081,1.024,0.946,0.876,0.827,0.755,0.69,0.647,0.584,0.514,0.473,0.41,0.36,0.325,0.284,0.249,0.22,0.2,0.178,0.151,0.132,0.108,0.089,0.082,0.065,0.047,0.031,0.024,0.021,0.017,0.013,0.01,0.011,0.019,0.024,0.025,0.022,0.02,0.02,0.023,0.024,0.022,0.022,0.023,0.023,0.023,0.015,0.009,0,-0.004,-0.005,-0.008,-0.01,-0.008,-0.005,-0.004,0.005,0.005,0,-0.004,-0.002,-0.011,-0.015,-0.022,-0.027,-0.027,-0.027,-0.03,-0.036
NA,Default,3/25/2019,11:32:00,0,0,0,NaN,NaN,40,230,0,0,Blank,USB2G21950B9155,1.010104/0.08/128/32,0,0,0,0,0,0,0,0,0,0,0,0,0,0,0,0,0,0,0,0,0,0,0,0,0,0,0,0,0,0,0,0,0,0,0,0,0,0,0,0,0,0,0,0,0,0,0,0,0,0,0,0,0,0,0,0,0,0,0,0,0,0,0,0,0,0,0,0,0,0,0,0,0,0,0,0,0,0,0,0,0,0,0,0,0,0,0,0,0,0,0,0,0,0,0,0,0,0,0,0,0,0,0,0,0,0,0,0,0,0,0,0,0,0,0,0,0,0,0,0,0,0,0,0,0,0,0,0,0,0,0
NA,Default,3/25/2019,11:33:00,83.41,2.085,1.052,1.98,1.94,40,230,1.072,0.135,Measure,USB2G21950B9155,1.010104/0.08/128/32,1.073,1.073,1.051,1.048,1.062,1.061,1.059,1.05,1.069,1.066,1.072,1.077,1.084,1.112,1.141,1.176,1.204,1.234,1.306,1.371,1.416,1.459,1.5,1.536,1.626,1.686,1.717,1.772,1.815,1.847,1.888,1.929,1.956,1.993,2.026,2.048,2.076,2.101,2.104,2.1,2.085,2.075,2.054,2.02,1.984,1.909,1.837,1.798,1.737,1.677,1.644,1.591,1.535,1.491,1.432,1.371,1.323,1.249,1.173,1.127,1.052,0.989,0.917,0.872,0.81,0.754,0.719,0.657,0.597,0.558,0.51,0.458,0.423,0.375,0.327,0.302,0.264,0.231,0.203,0.185,0.158,0.135,0.122,0.096,0.075,0.068,0.052,0.04,0.033,0.034,0.028,0.031,0.029,0.031,0.035,0.039,0.041,0.037,0.043,0.041,0.035,0.033,0.023,0.019,0.021,0.02,0.014,0.013,0.007,0.005,0.006,0.004,-0.004,-0.005,-0.005,-0.008,-0.003,-0.004,-0.004,-0.001,0,0.003,0.007,0.004,0.003,-0,-0.006,-0.007,-0.008,-0.013,-0.012
NA,Default,3/25/2019,11:33:00,83.33,2.083,1.031,2.02,1.94,40,230,1.072,0.147,Measure,USB2G21950B9155,1.010104/0.08/128/32,0.898,0.99,1.017,1.046,1.094,1.077,1.084,1.089,1.085,1.079,1.072,1.078,1.084,1.098,1.117,1.143,1.181,1.207,1.281,1.342,1.387,1.434,1.487,1.527,1.611,1.68,1.713,1.769,1.818,1.853,1.89,1.93,1.962,1.991,2.028,2.049,2.082,2.098,2.102,2.095,2.083,2.071,2.05,2.014,1.978,1.904,1.826,1.786,1.721,1.663,1.626,1.571,1.504,1.461,1.404,1.342,1.295,1.215,1.139,1.097,1.031,0.968,0.897,0.854,0.786,0.733,0.696,0.628,0.57,0.531,0.473,0.417,0.383,0.335,0.29,0.262,0.229,0.198,0.176,0.16,0.138,0.118,0.104,0.079,0.057,0.048,0.037,0.028,0.022,0.019,0.016,0.02,0.019,0.02,0.019,0.02,0.019,0.011,0.013,0.01,0.002,0.001,-0.002,-0.002,-0.002,0.001,0.001,-0.001,-0.001,0.002,0.003,0.003,0.003,0.001,-0,0.003,0.002,0,0.004,0.001,0,0.003,-0.002,-0.007,-0.006,-0.013,-0.018,-0.017,-0.022,-0.031,-0.025
NA,Default,3/25/2019,11:34:00,94.15,2.354,1.188,1.98,1.79,40,230,1.316,0.145,Measure,USB2G21950B9155,1.010104/0.08/128/32,1.302,1.332,1.35,1.356,1.369,1.36,1.363,1.351,1.34,1.328,1.316,1.306,1.299,1.303,1.311,1.337,1.365,1.396,1.458,1.522,1.567,1.623,1.675,1.711,1.807,1.872,1.913,1.975,2.028,2.058,2.099,2.149,2.184,2.234,2.27,2.299,2.334,2.363,2.371,2.363,2.354,2.343,2.328,2.294,2.262,2.187,2.117,2.076,1.998,1.928,1.885,1.824,1.751,1.708,1.639,1.562,1.508,1.427,1.338,1.277,1.188,1.104,1.02,0.971,0.897,0.823,0.774,0.702,0.64,0.599,0.538,0.472,0.432,0.384,0.342,0.312,0.27,0.235,0.206,0.188,0.161,0.132,0.115,0.086,0.062,0.052,0.037,0.026,0.021,0.02,0.016,0.024,0.026,0.03,0.031,0.032,0.031,0.03,0.033,0.029,0.022,0.012,0.005,0.006,0.002,-0.002,-0.008,-0.011,-0.013,-0.009,-0.004,-0.007,-0.011,-0.011,-0.01,-0.008,-0.006,-0.01,-0.011,-0.003,0,0.007,0.005,0.001,0.001,-0.005,-0.01,-0.014,-0.019,-0.026,-0.024
NA,Default,3/25/2019,11:34:00,93.66,2.342,1.152,2.03,1.85,40,230,1.268,0.172,Measure,USB2G21950B9155,1.010104/0.08/128/32,1.272,1.244,1.238,1.286,1.287,1.283,1.288,1.3,1.285,1.28,1.268,1.263,1.26,1.266,1.275,1.297,1.331,1.358,1.44,1.506,1.553,1.602,1.654,1.694,1.795,1.855,1.889,1.949,2.001,2.035,2.077,2.119,2.154,2.204,2.243,2.276,2.318,2.357,2.363,2.356,2.342,2.331,2.31,2.268,2.232,2.151,2.07,2.031,1.963,1.898,1.856,1.796,1.724,1.679,1.614,1.538,1.482,1.393,1.301,1.237,1.152,1.069,0.981,0.931,0.858,0.796,0.755,0.689,0.621,0.582,0.525,0.462,0.419,0.368,0.317,0.289,0.251,0.215,0.187,0.17,0.148,0.128,0.118,0.091,0.069,0.062,0.048,0.039,0.032,0.029,0.02,0.025,0.024,0.021,0.019,0.021,0.021,0.021,0.029,0.024,0.02,0.02,0.017,0.017,0.011,0.007,0.003,0.002,0.002,0.001,0.001,-0.001,-0.001,0.002,0.001,-0.002,0.002,-0.001,0.001,0.001,0,0.001,-0.002,-0.005,-0.007,-0.012,-0.019,-0.019,-0.021,-0.024,-0.018
NA,Default,3/25/2019,11:35:00,145.37,3.634,1.99,1.83,0.41,40,230,8.802,0.077,Measure,USB2G21950B9155,1.010104/0.08/128/32,2.449,3.033,3.442,4.45,5.716,6.859,8.35,9.002,9.118,9.048,8.802,8.528,7.987,7.199,6.564,5.767,5.08,4.689,4.161,3.651,3.421,3.194,3.019,2.909,2.796,2.731,2.696,2.653,2.635,2.647,2.68,2.724,2.763,2.839,2.938,3.029,3.191,3.387,3.467,3.554,3.634,3.677,3.743,3.807,3.859,3.93,3.987,4.015,4.012,3.975,3.931,3.856,3.743,3.662,3.519,3.328,3.169,2.878,2.55,2.316,1.99,1.682,1.393,1.236,1.041,0.896,0.814,0.704,0.614,0.566,0.502,0.437,0.392,0.339,0.292,0.262,0.226,0.194,0.165,0.15,0.131,0.112,0.097,0.071,0.055,0.047,0.036,0.025,0.02,0.021,0.013,0.017,0.016,0.018,0.019,0.02,0.02,0.017,0.022,0.022,0.02,0.018,0.012,0.01,0.008,0.006,0.002,-0.003,-0.005,-0.006,-0.003,-0.002,-0.004,-0.003,-0.006,-0.009,-0.008,-0.009,-0.005,-0,0,0.004,0.004,0.005,0.007,0.007,-0,-0.002,-0.007,-0.009,-0.004
NA,Default,3/25/2019,11:35:00,147.6,3.69,2.061,1.79,0.42,40,230,8.813,0.19,Measure,USB2G21950B9155,1.010104/0.08/128/32,2.512,3.071,3.484,4.437,5.639,6.735,8.289,9.006,9.183,9.073,8.813,8.572,8.026,7.24,6.619,5.81,5.136,4.759,4.231,3.719,3.501,3.267,3.098,2.991,2.88,2.813,2.781,2.741,2.722,2.737,2.761,2.799,2.833,2.909,3.005,3.086,3.243,3.436,3.524,3.615,3.69,3.736,3.802,3.874,3.929,4.01,4.069,4.09,4.088,4.041,3.997,3.909,3.799,3.713,3.569,3.384,3.225,2.938,2.61,2.383,2.061,1.756,1.467,1.307,1.112,0.961,0.876,0.756,0.662,0.61,0.542,0.472,0.429,0.385,0.345,0.32,0.285,0.249,0.22,0.203,0.18,0.157,0.137,0.103,0.082,0.078,0.065,0.047,0.037,0.034,0.026,0.033,0.033,0.029,0.027,0.029,0.031,0.031,0.036,0.031,0.025,0.024,0.024,0.023,0.019,0.015,0.009,0.007,0,-0.004,-0.004,-0.002,-0.005,-0.002,-0.001,-0.002,0.003,0,0,0,0,0,-0.004,-0.004,-0.004,-0.008,-0.012,-0.013,-0.015,-0.021,-0.021
NA,Default,3/25/2019,11:36:00,72.69,1.817,0.958,1.9,1.08,40,230,1.685,0.142,Measure,USB2G21950B9155,1.010104/0.08/128/32,1.734,1.817,1.836,1.894,1.922,1.905,1.878,1.833,1.806,1.747,1.685,1.645,1.588,1.514,1.46,1.401,1.365,1.346,1.346,1.334,1.339,1.352,1.369,1.386,1.434,1.473,1.5,1.539,1.576,1.6,1.627,1.659,1.687,1.717,1.74,1.761,1.786,1.812,1.82,1.823,1.817,1.811,1.804,1.786,1.766,1.717,1.664,1.637,1.59,1.54,1.505,1.457,1.402,1.365,1.317,1.264,1.218,1.142,1.07,1.024,0.958,0.891,0.813,0.771,0.711,0.66,0.624,0.567,0.512,0.479,0.436,0.385,0.353,0.314,0.281,0.261,0.233,0.207,0.186,0.174,0.157,0.139,0.127,0.1,0.082,0.076,0.066,0.058,0.055,0.053,0.044,0.048,0.044,0.044,0.042,0.043,0.041,0.045,0.052,0.051,0.046,0.043,0.035,0.031,0.023,0.02,0.017,0.015,0.01,0.01,0.013,0.019,0.017,0.016,0.012,0.009,0.011,0.008,0.005,0.002,0,0.001,0.002,-0,-0.002,-0.008,-0.014,-0.013,-0.017,-0.021,-0.02
NA,Default,3/25/2019,11:36:00,71.59,1.79,0.892,2.01,1.1,40,230,1.633,0.111,Measure,USB2G21950B9155,1.010104/0.08/128/32,1.927,1.993,1.94,1.941,1.93,1.908,1.844,1.777,1.73,1.678,1.633,1.596,1.536,1.468,1.416,1.354,1.307,1.279,1.279,1.282,1.292,1.303,1.319,1.341,1.397,1.435,1.458,1.493,1.53,1.554,1.587,1.619,1.646,1.676,1.709,1.734,1.767,1.791,1.798,1.793,1.79,1.785,1.77,1.745,1.72,1.665,1.608,1.586,1.533,1.48,1.452,1.409,1.352,1.317,1.266,1.208,1.164,1.087,1.008,0.961,0.892,0.829,0.757,0.71,0.655,0.608,0.576,0.521,0.467,0.434,0.388,0.345,0.312,0.268,0.23,0.209,0.182,0.154,0.134,0.117,0.098,0.087,0.078,0.051,0.034,0.032,0.02,0.017,0.017,0.015,0.009,0.016,0.016,0.018,0.022,0.023,0.023,0.025,0.033,0.031,0.028,0.025,0.019,0.015,0.008,0.002,0.001,-0.001,-0.004,-0.009,-0.01,-0.007,-0.006,-0.005,-0.004,-0.007,-0.001,-0,0.002,0.001,0,0.001,-0.003,-0.007,-0.009,-0.014,-0.015,-0.012,-0.016,-0.021,-0.019
NA,Default,3/25/2019,11:37:00,124.8,3.12,1.583,1.97,0.96,40,230,3.246,0.145,Measure,USB2G21950B9155,1.010104/0.08/128/32,2.865,3.089,3.169,3.371,3.508,3.559,3.576,3.523,3.463,3.363,3.246,3.158,3.011,2.829,2.688,2.51,2.396,2.34,2.324,2.307,2.325,2.347,2.374,2.406,2.498,2.559,2.594,2.658,2.719,2.755,2.807,2.862,2.901,2.953,3.005,3.039,3.079,3.131,3.139,3.132,3.12,3.114,3.094,3.055,3.015,2.913,2.821,2.774,2.691,2.603,2.547,2.461,2.372,2.311,2.221,2.121,2.043,1.92,1.792,1.708,1.583,1.462,1.34,1.268,1.165,1.08,1.019,0.919,0.838,0.787,0.71,0.626,0.569,0.498,0.441,0.406,0.352,0.307,0.272,0.249,0.22,0.185,0.164,0.129,0.103,0.09,0.071,0.058,0.05,0.046,0.037,0.038,0.041,0.04,0.039,0.039,0.04,0.041,0.047,0.044,0.037,0.031,0.029,0.027,0.021,0.019,0.015,0.014,0.012,0.008,0.007,0.008,0.006,0.005,0.006,0.004,0.004,0.002,0,-0.001,0,0,-0,-0.003,-0.003,-0.005,-0.008,-0.007,-0.008,-0.011,-0.009
NA,Default,3/25/2019,11:37:00,126.82,3.17,1.599,1.98,0.97,40,230,3.27,0.106,Measure,USB2G21950B9155,1.010104/0.08/128/32,3.141,3.353,3.45,3.55,3.642,3.674,3.663,3.551,3.494,3.385,3.27,3.18,3.035,2.858,2.71,2.555,2.44,2.384,2.363,2.344,2.357,2.369,2.404,2.433,2.515,2.583,2.615,2.671,2.731,2.778,2.832,2.89,2.934,2.989,3.047,3.089,3.136,3.174,3.181,3.178,3.17,3.159,3.136,3.092,3.047,2.95,2.863,2.815,2.728,2.641,2.582,2.501,2.407,2.34,2.246,2.143,2.064,1.936,1.809,1.726,1.599,1.489,1.366,1.291,1.184,1.092,1.029,0.933,0.851,0.796,0.714,0.633,0.583,0.516,0.455,0.417,0.361,0.315,0.277,0.25,0.219,0.186,0.164,0.132,0.103,0.089,0.073,0.064,0.058,0.052,0.041,0.044,0.043,0.047,0.047,0.047,0.044,0.047,0.052,0.05,0.042,0.039,0.033,0.031,0.023,0.02,0.015,0.012,0.009,0.005,0.006,0.008,0.008,0.008,0.008,0.007,0.009,0.007,0.004,0.004,0,-0.001,-0.001,-0.007,-0.008,-0.009,-0.011,-0.007,-0.009,-0.018,-0.016
NA,Default,3/25/2019,11:38:00,112.3,2.807,1.41,1.99,1.57,40,230,1.788,0.134,Measure,USB2G21950B9155,1.010104/0.08/128/32,1.782,1.923,1.901,1.939,1.888,1.872,1.891,1.866,1.849,1.816,1.788,1.768,1.754,1.733,1.697,1.692,1.705,1.72,1.791,1.846,1.893,1.946,2.004,2.053,2.165,2.24,2.28,2.352,2.415,2.456,2.508,2.56,2.594,2.652,2.696,2.727,2.783,2.824,2.83,2.824,2.807,2.793,2.769,2.732,2.69,2.6,2.507,2.458,2.39,2.315,2.271,2.193,2.1,2.043,1.965,1.876,1.807,1.7,1.585,1.512,1.41,1.312,1.207,1.141,1.049,0.973,0.923,0.842,0.764,0.716,0.649,0.576,0.527,0.463,0.403,0.367,0.319,0.277,0.241,0.218,0.188,0.162,0.14,0.106,0.084,0.075,0.058,0.049,0.044,0.04,0.037,0.045,0.045,0.044,0.041,0.041,0.04,0.036,0.033,0.027,0.017,0.015,0.015,0.014,0.008,0.008,0.007,0.008,0.006,0.002,0.004,0.006,0.006,0.005,0.004,0.002,0.003,0.001,-0.001,-0,0,0.001,-0.002,-0.005,-0.006,-0.007,-0.009,-0.011,-0.014,-0.02,-0.02
NA,Default,3/25/2019,11:38:00,111.74,2.793,1.374,2.03,1.54,40,230,1.812,0.123,Measure,USB2G21950B9155,1.010104/0.08/128/32,1.861,1.91,1.876,1.935,1.989,1.975,1.939,1.908,1.881,1.846,1.812,1.792,1.748,1.715,1.7,1.689,1.688,1.701,1.76,1.825,1.878,1.936,1.992,2.034,2.142,2.222,2.267,2.335,2.398,2.436,2.488,2.552,2.591,2.647,2.695,2.724,2.772,2.809,2.815,2.807,2.793,2.786,2.76,2.716,2.675,2.585,2.502,2.457,2.374,2.297,2.248,2.173,2.083,2.026,1.94,1.849,1.783,1.668,1.554,1.482,1.374,1.278,1.175,1.114,1.023,0.947,0.897,0.817,0.739,0.689,0.618,0.544,0.492,0.427,0.363,0.327,0.278,0.233,0.199,0.177,0.154,0.128,0.113,0.083,0.071,0.061,0.048,0.04,0.033,0.028,0.024,0.027,0.026,0.03,0.031,0.031,0.032,0.035,0.038,0.035,0.028,0.021,0.015,0.012,0.002,-0,-0.003,-0.004,-0.003,-0.003,-0.002,0.004,0.006,0.006,0.01,0.008,0.007,0.003,0.002,0.001,0,-0.003,-0.007,-0.013,-0.015,-0.019,-0.025,-0.023,-0.027,-0.029,-0.032
NA,Default,3/25/2019,11:39:00,125.15,3.129,1.586,1.97,0.66,40,230,4.717,0.128,Measure,USB2G21950B9155,1.010104/0.08/128/32,3.26,3.744,3.905,4.3,4.71,4.973,5.18,5.143,5.05,4.887,4.717,4.559,4.285,3.938,3.653,3.312,3.047,2.904,2.763,2.627,2.583,2.543,2.527,2.527,2.57,2.605,2.621,2.656,2.698,2.728,2.773,2.818,2.853,2.902,2.947,2.987,3.044,3.106,3.125,3.134,3.129,3.125,3.11,3.077,3.047,2.96,2.871,2.834,2.765,2.691,2.64,2.558,2.464,2.401,2.311,2.2,2.114,1.973,1.82,1.725,1.586,1.454,1.317,1.235,1.127,1.035,0.978,0.884,0.796,0.743,0.67,0.588,0.536,0.47,0.405,0.365,0.314,0.269,0.233,0.209,0.178,0.147,0.128,0.095,0.071,0.059,0.043,0.035,0.028,0.029,0.026,0.031,0.033,0.034,0.034,0.036,0.036,0.031,0.03,0.028,0.023,0.018,0.012,0.01,0.009,0.007,0.004,0.001,-0.001,-0.001,0.002,0.004,0.002,0.002,0.004,-0.001,0.003,0.001,-0.001,-0.001,0,-0,-0.003,-0.005,-0.008,-0.012,-0.017,-0.017,-0.02,-0.02,-0.018
NA,Default,3/25/2019,11:39:00,124.65,3.116,1.585,1.97,0.67,40,230,4.63,0.096,Measure,USB2G21950B9155,1.010104/0.08/128/32,3.638,3.987,4.141,4.477,4.778,4.924,5.118,5.076,4.987,4.812,4.63,4.484,4.224,3.904,3.631,3.296,3.042,2.916,2.764,2.625,2.575,2.535,2.519,2.516,2.56,2.598,2.618,2.651,2.694,2.723,2.77,2.813,2.85,2.895,2.944,2.983,3.038,3.1,3.114,3.121,3.116,3.115,3.105,3.072,3.037,2.951,2.876,2.83,2.758,2.681,2.627,2.548,2.457,2.397,2.298,2.193,2.108,1.97,1.826,1.726,1.585,1.453,1.315,1.234,1.12,1.029,0.967,0.879,0.791,0.74,0.664,0.587,0.537,0.468,0.406,0.368,0.32,0.275,0.242,0.219,0.192,0.165,0.149,0.109,0.087,0.076,0.059,0.049,0.035,0.029,0.025,0.033,0.034,0.033,0.03,0.028,0.028,0.028,0.033,0.029,0.022,0.02,0.017,0.018,0.011,0.011,0.008,0.007,0.004,0.003,0.005,0.01,0.008,0.005,0.005,0.001,0.006,0.003,0.001,-0.002,0,0.001,-0.005,-0.011,-0.013,-0.017,-0.023,-0.024,-0.028,-0.032,-0.028
NA,Default,3/25/2019,11:40:00,131.45,3.286,1.617,2.03,0.91,40,230,3.613,-0.024,Measure,USB2G21950B9155,1.010104/0.08/128/32,3.005,3.263,3.448,3.667,3.862,3.956,4.005,3.92,3.849,3.758,3.613,3.505,3.335,3.104,2.936,2.746,2.592,2.52,2.486,2.463,2.475,2.487,2.52,2.549,2.64,2.703,2.738,2.795,2.852,2.892,2.945,2.993,3.03,3.078,3.132,3.17,3.223,3.283,3.288,3.294,3.286,3.283,3.257,3.215,3.163,3.057,2.959,2.905,2.809,2.718,2.666,2.574,2.481,2.414,2.313,2.206,2.122,1.987,1.842,1.754,1.617,1.493,1.363,1.284,1.18,1.086,1.023,0.923,0.833,0.777,0.696,0.61,0.557,0.484,0.42,0.38,0.322,0.278,0.24,0.213,0.178,0.15,0.132,0.1,0.076,0.062,0.044,0.033,0.023,0.02,0.009,0.013,0.013,0.014,0.012,0.013,0.012,0.009,0.021,0.018,0.015,0.013,0.013,0.01,0.012,0.012,0.008,0.002,-0,-0.004,-0,0.001,-0.006,-0.008,-0.008,-0.009,-0.003,-0.006,-0.006,-0.004,0,0.004,0.001,-0.001,-0.002,-0.005,-0.009,-0.01,-0.012,-0.016,-0.009
NA,Default,3/25/2019,11:40:00,132.33,3.308,1.663,1.99,0.91,40,230,3.654,0.115,Measure,USB2G21950B9155,1.010104/0.08/128/32,3.073,3.342,3.46,3.694,3.88,3.979,4.032,3.953,3.885,3.772,3.654,3.541,3.38,3.178,3.005,2.8,2.649,2.579,2.539,2.508,2.521,2.53,2.546,2.576,2.659,2.718,2.752,2.812,2.869,2.911,2.969,3.026,3.067,3.134,3.187,3.216,3.266,3.313,3.32,3.316,3.308,3.3,3.273,3.231,3.187,3.081,2.989,2.933,2.849,2.761,2.706,2.616,2.516,2.45,2.348,2.245,2.157,2.019,1.881,1.795,1.663,1.537,1.412,1.33,1.224,1.128,1.064,0.964,0.875,0.822,0.738,0.653,0.595,0.525,0.457,0.418,0.362,0.31,0.276,0.25,0.216,0.185,0.166,0.128,0.1,0.088,0.069,0.058,0.052,0.049,0.041,0.046,0.046,0.046,0.046,0.047,0.046,0.042,0.046,0.043,0.033,0.025,0.018,0.014,0.009,0.007,0.003,0.001,0.006,0.009,0.012,0.014,0.011,0.007,0.005,0.002,0.004,0.002,-0,-0,0,0.005,0.009,0.004,0.003,-0.003,-0.008,-0.006,-0.008,-0.008,-0.008
NA,Default,3/25/2019,11:40:00,-0.13,-0.003,-0.009,0.35,0.39,40,230,-0.009,0.003,Measure,USB2G21950B9155,1.010104/0.08/128/32,-0.19,-0.112,-0.11,-0.025,0.014,0.004,-0.006,-0.006,-0.007,-0.008,-0.009,-0.009,-0.022,-0.013,0,0.007,0.005,-0.015,-0.017,-0.026,-0.027,-0.024,-0.031,-0.039,-0.03,-0.022,-0.017,-0.013,-0.009,-0.006,-0.001,0.01,0.011,0.013,0.011,0.017,0.009,-0.002,-0.006,-0.005,-0.003,-0.004,-0.007,-0.009,-0.012,-0.012,-0.024,-0.023,-0.031,-0.034,-0.036,-0.033,-0.032,-0.03,-0.019,-0.018,-0.012,-0.008,-0.005,-0.004,-0.009,-0.007,-0.009,-0.008,-0.012,-0.01,-0.008,-0.008,-0.007,-0.005,-0.008,-0.009,-0.009,-0.013,-0.017,-0.016,-0.015,-0.019,-0.016,-0.017,-0.02,-0.016,-0.014,-0.019,-0.026,-0.024,-0.028,-0.027,-0.029,-0.026,-0.032,-0.021,-0.02,-0.018,-0.018,-0.013,-0.009,-0.011,-0.004,-0.006,-0.011,-0.011,-0.011,-0.011,-0.013,-0.011,-0.011,-0.009,-0.008,-0.003,-0,0,-0.002,0,0,-0.003,-0.005,-0.008,-0.007,-0.001,0,0.001,0.002,0.003,0.004,0.004,0.002,0.002,-0.004,-0.009,-0.007
NA,Default,3/25/2019,15:12:00,0,0,0,NaN,NaN,40,230,0,0,Blank,USB2G21950B9155,1.010104/0.08/128/32,0,0,0,0,0,0,0,0,0,0,0,0,0,0,0,0,0,0,0,0,0,0,0,0,0,0,0,0,0,0,0,0,0,0,0,0,0,0,0,0,0,0,0,0,0,0,0,0,0,0,0,0,0,0,0,0,0,0,0,0,0,0,0,0,0,0,0,0,0,0,0,0,0,0,0,0,0,0,0,0,0,0,0,0,0,0,0,0,0,0,0,0,0,0,0,0,0,0,0,0,0,0,0,0,0,0,0,0,0,0,0,0,0,0,0,0,0,0,0,0,0,0,0,0,0,0,0,0,0,0,0
DEPC,Default,3/25/2019,15:12:00,0.08,0.002,0.003,0.74,-0.07,40,230,-0.028,0.029,Measure,USB2G21950B9155,1.010104/0.08/128/32,0.109,0.019,-0.016,-0.043,-0.029,-0.036,-0.031,-0.022,-0.031,-0.027,-0.028,-0.026,-0.025,-0.014,-0.018,-0.017,-0.01,-0.002,-0.004,0.01,0.007,0,0.002,0.001,-0.003,0.001,0.003,-0.001,-0,0.005,0,0.001,0.002,-0.006,-0.01,-0.009,-0.01,-0.008,-0.006,-0.003,0.002,0.003,0.003,0.001,0,0,0.004,0,0.006,0.005,0.005,0.005,0.007,0.007,0.001,-0.001,-0.002,-0.002,0.005,0.007,0.003,0.001,0.002,0.003,-0.004,-0.004,-0.008,-0.008,-0.008,-0.012,-0.015,-0.014,-0.006,-0.009,-0.012,-0.011,-0.011,-0.009,-0.006,-0.009,-0.016,-0.018,-0.011,-0.008,-0.005,0.001,0.005,0.014,0.017,0.015,0.014,0.009,0.005,-0.001,-0.005,-0.016,-0.021,-0.017,-0.019,-0.018,-0.015,-0.014,-0.011,-0.013,-0.007,-0.008,-0.009,-0.009,-0.006,-0.001,0.001,0.007,0.011,0.01,0.005,0.007,0.007,0.004,0.004,0.005,0,0,0,-0.001,-0.005,-0.004,-0.009,-0.01,-0.004,-0.001,0.001
GFP-1,Default,3/25/2019,15:13:00,108.43,2.711,1.364,1.99,0.65,40,230,4.168,0.092,Measure,USB2G21950B9155,1.010104/0.08/128/32,3.49,3.686,3.857,4.112,4.322,4.476,4.628,4.575,4.483,4.361,4.168,4.019,3.78,3.464,3.199,2.875,2.648,2.537,2.423,2.309,2.274,2.239,2.229,2.241,2.262,2.281,2.29,2.316,2.345,2.371,2.405,2.437,2.469,2.519,2.556,2.587,2.637,2.693,2.708,2.713,2.711,2.705,2.696,2.67,2.646,2.577,2.524,2.489,2.438,2.374,2.332,2.258,2.172,2.118,2.023,1.921,1.842,1.709,1.578,1.491,1.364,1.237,1.118,1.041,0.943,0.862,0.811,0.733,0.665,0.619,0.554,0.491,0.452,0.396,0.339,0.305,0.26,0.229,0.2,0.178,0.148,0.12,0.107,0.09,0.08,0.067,0.06,0.055,0.054,0.053,0.048,0.042,0.038,0.036,0.034,0.024,0.015,0.016,0.012,0.009,0.006,0.003,0.006,0.003,0.006,0.008,0.007,0.007,0.01,0.011,0.011,0.015,0.014,0.013,0.011,0.009,0.006,0.004,0.003,0.004,0,0.002,0,0.001,0.001,0.006,0.007,0.008,0.011,0.01,0.015
GFP-1,Default,3/25/2019,15:13:00,108.72,2.718,1.381,1.97,0.66,40,230,4.115,0.089,Measure,USB2G21950B9155,1.010104/0.08/128/32,3.443,3.662,3.756,4.017,4.267,4.432,4.578,4.536,4.429,4.29,4.115,3.97,3.755,3.452,3.199,2.895,2.676,2.568,2.446,2.335,2.289,2.239,2.216,2.22,2.246,2.275,2.281,2.306,2.338,2.369,2.408,2.441,2.472,2.512,2.556,2.58,2.636,2.696,2.708,2.713,2.718,2.713,2.706,2.683,2.649,2.579,2.527,2.494,2.435,2.371,2.331,2.262,2.182,2.128,2.035,1.939,1.862,1.736,1.602,1.509,1.381,1.257,1.136,1.059,0.96,0.877,0.824,0.747,0.679,0.634,0.57,0.508,0.471,0.419,0.359,0.325,0.282,0.247,0.218,0.196,0.163,0.132,0.12,0.1,0.089,0.08,0.072,0.068,0.063,0.058,0.054,0.047,0.042,0.038,0.033,0.025,0.023,0.024,0.017,0.016,0.019,0.018,0.018,0.014,0.016,0.016,0.016,0.015,0.012,0.014,0.016,0.019,0.017,0.015,0.012,0.011,0.005,0.005,0.002,0.004,0,0.003,0.002,0.002,0.003,0.004,0.003,0.003,0.006,0.005,0.009
GFP-2,Default,3/25/2019,15:14:00,101.15,2.529,1.269,1.99,1.54,40,230,1.637,0.094,Measure,USB2G21950B9155,1.010104/0.08/128/32,1.768,1.764,1.71,1.737,1.767,1.761,1.751,1.726,1.701,1.676,1.637,1.622,1.589,1.566,1.541,1.521,1.533,1.561,1.627,1.688,1.728,1.767,1.812,1.861,1.943,2.01,2.038,2.097,2.156,2.194,2.239,2.286,2.323,2.368,2.414,2.433,2.473,2.519,2.529,2.531,2.529,2.519,2.505,2.477,2.439,2.354,2.279,2.234,2.17,2.106,2.061,1.988,1.914,1.864,1.784,1.698,1.633,1.53,1.434,1.369,1.269,1.173,1.076,1.012,0.929,0.852,0.8,0.722,0.661,0.609,0.55,0.486,0.447,0.396,0.343,0.312,0.269,0.24,0.214,0.195,0.161,0.135,0.123,0.102,0.087,0.081,0.067,0.06,0.056,0.047,0.044,0.036,0.031,0.027,0.029,0.022,0.017,0.022,0.019,0.017,0.017,0.018,0.019,0.018,0.02,0.018,0.015,0.011,0.008,0.007,0.006,0.006,0.007,0.008,0.006,0.009,0.008,0.007,0.005,0.004,0,0,0.002,0.006,0.003,-0,-0.001,0,0.004,0.004,0.003
GFP-2,Default,3/25/2019,15:14:00,100.08,2.502,1.242,2.01,1.55,40,230,1.617,0.108,Measure,USB2G21950B9155,1.010104/0.08/128/32,1.859,1.784,1.756,1.793,1.778,1.774,1.74,1.71,1.682,1.645,1.617,1.597,1.573,1.537,1.527,1.515,1.531,1.551,1.605,1.667,1.7,1.744,1.793,1.836,1.917,1.988,2.02,2.075,2.131,2.171,2.21,2.255,2.3,2.35,2.398,2.421,2.475,2.509,2.517,2.514,2.502,2.491,2.477,2.442,2.403,2.324,2.259,2.219,2.153,2.091,2.046,1.976,1.903,1.856,1.773,1.69,1.628,1.518,1.416,1.342,1.242,1.141,1.043,0.983,0.901,0.829,0.784,0.713,0.648,0.606,0.547,0.479,0.443,0.388,0.33,0.297,0.251,0.215,0.189,0.169,0.138,0.112,0.097,0.081,0.074,0.068,0.055,0.05,0.048,0.045,0.041,0.034,0.03,0.028,0.026,0.015,0.013,0.01,0.008,0.009,0.009,0.006,0.009,0.008,0.012,0.014,0.011,0.01,0.011,0.014,0.015,0.018,0.021,0.019,0.018,0.017,0.011,0.01,0.007,0.006,0,-0,-0.002,0.001,0,0.001,0.001,0.003,0.002,0.003,0.005
GFP-3,Default,3/25/2019,15:15:00,121.2,3.03,1.555,1.95,0.91,40,230,3.318,0.162,Measure,USB2G21950B9155,1.010104/0.08/128/32,3.25,3.453,3.513,3.73,3.82,3.815,3.783,3.666,3.57,3.45,3.318,3.213,3.039,2.83,2.657,2.462,2.342,2.295,2.245,2.215,2.204,2.204,2.23,2.26,2.322,2.367,2.392,2.438,2.499,2.536,2.584,2.632,2.673,2.739,2.798,2.835,2.895,2.975,3.002,3.024,3.03,3.029,3.03,3.016,2.999,2.934,2.871,2.832,2.772,2.701,2.647,2.561,2.467,2.407,2.305,2.197,2.109,1.962,1.809,1.706,1.555,1.397,1.257,1.169,1.051,0.952,0.891,0.803,0.732,0.682,0.614,0.546,0.507,0.453,0.394,0.357,0.311,0.275,0.24,0.216,0.179,0.145,0.131,0.111,0.096,0.084,0.073,0.066,0.067,0.064,0.061,0.052,0.046,0.046,0.041,0.03,0.02,0.019,0.015,0.015,0.013,0.012,0.018,0.018,0.019,0.017,0.016,0.012,0.011,0.008,0.01,0.008,0.008,0.006,0.003,0.002,0.001,-0,-0.002,0.003,0,0.003,0,0.003,0.002,0.004,0.002,0.002,0.003,0.003,0.007
GFP-3,Default,3/25/2019,15:16:00,120.57,3.014,1.535,1.96,0.91,40,230,3.314,0.155,Measure,USB2G21950B9155,1.010104/0.08/128/32,3.208,3.392,3.461,3.553,3.639,3.693,3.724,3.653,3.568,3.44,3.314,3.211,3.062,2.854,2.681,2.476,2.344,2.291,2.232,2.208,2.201,2.2,2.218,2.251,2.312,2.361,2.389,2.437,2.493,2.529,2.579,2.631,2.672,2.738,2.792,2.822,2.883,2.958,2.985,3.004,3.014,3.01,3.004,2.983,2.958,2.896,2.838,2.795,2.729,2.671,2.624,2.546,2.456,2.397,2.292,2.18,2.093,1.944,1.793,1.686,1.535,1.382,1.24,1.152,1.038,0.941,0.882,0.797,0.721,0.672,0.603,0.533,0.493,0.434,0.371,0.335,0.291,0.254,0.225,0.203,0.172,0.142,0.13,0.112,0.095,0.087,0.074,0.065,0.06,0.057,0.054,0.042,0.037,0.033,0.029,0.02,0.015,0.015,0.01,0.012,0.01,0.01,0.015,0.015,0.02,0.016,0.017,0.011,0.011,0.012,0.011,0.008,0.008,0.008,0.006,0.007,0.008,0.004,0.004,0.005,0,0,-0.004,-0.002,-0.005,-0.002,-0.001,-0.002,0,-0.001,0.006
GFP-3,Default,3/25/2019,15:16:00,119.9,2.998,1.505,1.99,0.89,40,230,3.352,0.156,Reblank,USB2G21950B9155,1.010104/0.08/128/32,3.252,3.462,3.512,3.599,3.651,3.68,3.73,3.675,3.598,3.461,3.352,3.245,3.099,2.883,2.697,2.476,2.339,2.281,2.217,2.185,2.183,2.184,2.205,2.233,2.297,2.342,2.373,2.422,2.478,2.511,2.565,2.619,2.657,2.725,2.779,2.811,2.871,2.95,2.972,2.987,2.998,2.995,2.99,2.969,2.944,2.878,2.821,2.78,2.709,2.648,2.596,2.52,2.425,2.364,2.257,2.148,2.06,1.906,1.754,1.649,1.505,1.357,1.219,1.133,1.023,0.937,0.88,0.793,0.71,0.663,0.595,0.523,0.479,0.412,0.348,0.308,0.266,0.227,0.201,0.18,0.156,0.136,0.124,0.107,0.093,0.085,0.067,0.055,0.045,0.042,0.039,0.037,0.032,0.032,0.03,0.031,0.031,0.027,0.02,0.016,0.012,0.008,0.007,0.007,0.007,0.002,0.005,0.006,0.004,0.005,0.004,-0.002,-0.001,-0.001,-0.001,0.002,0.007,0.003,0.005,0.004,0,-0.003,-0.006,-0.012,-0.016,-0.018,-0.017,-0.021,-0.022,-0.022,-0.024
iCre-1,Default,3/25/2019,15:17:00,53.74,1.344,0.674,1.99,1.02,40,230,1.318,0.157,Measure,USB2G21950B9155,1.010104/0.08/128/32,1.481,1.477,1.474,1.431,1.453,1.435,1.421,1.4,1.383,1.345,1.318,1.293,1.245,1.182,1.116,1.044,1.013,0.999,1.001,1,1.013,1.027,1.05,1.069,1.108,1.13,1.147,1.17,1.195,1.211,1.234,1.254,1.264,1.281,1.296,1.307,1.325,1.349,1.352,1.346,1.344,1.338,1.329,1.315,1.295,1.245,1.207,1.183,1.145,1.108,1.079,1.042,0.999,0.974,0.926,0.885,0.848,0.793,0.747,0.715,0.674,0.628,0.591,0.562,0.523,0.49,0.462,0.42,0.377,0.353,0.314,0.278,0.255,0.223,0.199,0.182,0.161,0.143,0.131,0.124,0.113,0.103,0.095,0.082,0.078,0.074,0.065,0.055,0.048,0.046,0.043,0.043,0.039,0.041,0.037,0.038,0.036,0.036,0.034,0.03,0.025,0.02,0.015,0.012,0.009,0.004,0.003,0.005,0.003,0.005,0.009,0.012,0.013,0.015,0.011,0.011,0.008,0.004,0.003,0.002,0,-0.005,-0.003,-0.005,-0.001,-0.006,-0.007,-0.011,-0.011,-0.009,-0.014
iCre-1,Default,3/25/2019,15:17:00,52.75,1.319,0.644,2.05,1.01,40,230,1.303,0.114,Measure,USB2G21950B9155,1.010104/0.08/128/32,1.439,1.446,1.406,1.421,1.439,1.43,1.411,1.396,1.372,1.336,1.303,1.27,1.235,1.168,1.11,1.039,1.009,1.001,1.005,1.003,1.005,1.017,1.029,1.042,1.072,1.093,1.108,1.131,1.153,1.166,1.193,1.214,1.231,1.249,1.265,1.283,1.304,1.332,1.33,1.326,1.319,1.318,1.307,1.283,1.266,1.211,1.173,1.148,1.113,1.075,1.048,1.008,0.962,0.937,0.891,0.854,0.815,0.762,0.716,0.687,0.644,0.597,0.554,0.525,0.482,0.452,0.422,0.379,0.34,0.317,0.283,0.246,0.225,0.192,0.166,0.151,0.131,0.111,0.099,0.09,0.081,0.071,0.064,0.049,0.052,0.046,0.04,0.034,0.024,0.02,0.019,0.019,0.014,0.019,0.016,0.02,0.021,0.024,0.021,0.017,0.01,0.001,-0.001,-0.001,-0.006,-0.009,-0.011,-0.01,-0.011,-0.008,-0.006,-0.009,-0.005,-0.006,-0.002,0.002,0.004,0.003,0.002,0.002,0,-0.005,-0.005,-0.012,-0.011,-0.015,-0.015,-0.017,-0.019,-0.019,-0.023
iCre-2,Default,3/25/2019,15:18:00,54.72,1.368,0.654,2.09,0.8,40,230,1.714,0.139,Measure,USB2G21950B9155,1.010104/0.08/128/32,1.894,1.964,1.982,1.964,1.951,1.955,1.915,1.887,1.857,1.78,1.714,1.665,1.584,1.469,1.372,1.253,1.172,1.144,1.116,1.084,1.088,1.082,1.085,1.098,1.122,1.141,1.152,1.166,1.183,1.197,1.221,1.236,1.248,1.271,1.288,1.306,1.335,1.363,1.367,1.367,1.368,1.363,1.356,1.341,1.324,1.277,1.243,1.221,1.18,1.144,1.119,1.083,1.036,1.01,0.959,0.913,0.873,0.809,0.748,0.704,0.654,0.599,0.547,0.512,0.469,0.441,0.417,0.381,0.335,0.309,0.276,0.238,0.216,0.178,0.145,0.125,0.106,0.089,0.079,0.073,0.06,0.051,0.05,0.045,0.039,0.034,0.028,0.022,0.018,0.016,0.01,0.014,0.011,0.015,0.015,0.018,0.017,0.021,0.015,0.011,0.003,-0.006,-0.007,-0.007,-0.01,-0.012,-0.011,-0.005,-0.001,0.001,0.001,-0.001,0.001,0.001,-0,-0.001,-0.004,-0.005,-0.003,-0,0,-0.007,-0.011,-0.013,-0.011,-0.012,-0.014,-0.02,-0.023,-0.017,-0.017
iCre-2,Default,3/25/2019,15:18:00,55.44,1.386,0.712,1.95,0.8,40,230,1.738,0.126,Measure,USB2G21950B9155,1.010104/0.08/128/32,1.853,1.955,2.015,2.023,1.986,1.95,1.934,1.902,1.869,1.802,1.738,1.681,1.6,1.499,1.409,1.291,1.209,1.173,1.136,1.107,1.112,1.112,1.112,1.122,1.149,1.169,1.185,1.201,1.213,1.227,1.253,1.274,1.283,1.301,1.315,1.338,1.366,1.386,1.387,1.385,1.386,1.383,1.376,1.358,1.34,1.3,1.274,1.253,1.218,1.181,1.155,1.117,1.069,1.041,0.997,0.951,0.908,0.845,0.794,0.759,0.712,0.654,0.601,0.568,0.522,0.488,0.458,0.41,0.368,0.344,0.31,0.277,0.259,0.222,0.194,0.177,0.152,0.132,0.113,0.1,0.089,0.08,0.075,0.062,0.06,0.056,0.049,0.037,0.031,0.026,0.024,0.022,0.018,0.021,0.026,0.033,0.037,0.036,0.033,0.029,0.02,0.013,0.01,0.01,-0,-0.001,-0.001,0.006,0.006,0.009,0.007,0.003,0.008,0.008,0.009,0.014,0.01,0.004,0.006,0.003,0,-0.004,-0.007,-0.012,-0.011,-0.015,-0.017,-0.021,-0.023,-0.023,-0.029
iCre-3,Default,3/25/2019,15:19:00,52.49,1.312,0.64,2.05,1.59,40,230,0.825,0.151,Measure,USB2G21950B9155,1.010104/0.08/128/32,0.836,0.848,0.793,0.803,0.819,0.806,0.818,0.83,0.83,0.82,0.825,0.813,0.812,0.801,0.784,0.777,0.793,0.803,0.84,0.885,0.914,0.933,0.955,0.986,1.026,1.055,1.074,1.101,1.127,1.148,1.179,1.198,1.216,1.244,1.256,1.272,1.297,1.323,1.319,1.316,1.312,1.307,1.297,1.28,1.258,1.208,1.17,1.145,1.102,1.063,1.04,1.003,0.958,0.932,0.888,0.849,0.816,0.765,0.715,0.683,0.64,0.598,0.555,0.528,0.484,0.448,0.425,0.389,0.348,0.325,0.298,0.267,0.247,0.218,0.188,0.17,0.149,0.126,0.109,0.097,0.085,0.073,0.071,0.063,0.059,0.058,0.045,0.041,0.033,0.029,0.024,0.025,0.021,0.023,0.026,0.028,0.028,0.029,0.027,0.022,0.017,0.011,0.008,0.005,0.003,-0,-0.001,0.002,0.004,0.008,0.011,0.012,0.015,0.012,0.008,0.009,0.005,0.002,0.002,0.002,0,0.001,0,-0.007,-0.004,-0.007,-0.012,-0.017,-0.02,-0.022,-0.022
iCre-3,Default,3/25/2019,15:19:00,53.48,1.337,0.648,2.06,1.62,40,230,0.826,0.152,Measure,USB2G21950B9155,1.010104/0.08/128/32,0.888,0.867,0.857,0.838,0.835,0.824,0.835,0.851,0.842,0.829,0.826,0.811,0.814,0.805,0.792,0.786,0.803,0.816,0.858,0.906,0.934,0.962,0.993,1.02,1.063,1.098,1.119,1.147,1.174,1.191,1.221,1.245,1.265,1.287,1.308,1.324,1.344,1.359,1.354,1.344,1.337,1.331,1.315,1.293,1.272,1.223,1.184,1.159,1.121,1.081,1.056,1.015,0.969,0.938,0.892,0.851,0.816,0.765,0.722,0.692,0.648,0.608,0.567,0.539,0.497,0.471,0.444,0.405,0.368,0.344,0.314,0.276,0.252,0.214,0.182,0.16,0.136,0.116,0.101,0.09,0.075,0.066,0.062,0.052,0.048,0.042,0.036,0.03,0.031,0.028,0.026,0.027,0.023,0.027,0.03,0.033,0.03,0.028,0.021,0.015,0.006,0.002,-0.001,0.001,-0.003,-0.005,-0.001,0.004,0.003,0.003,0.003,-0,0.005,0.005,0.005,0.004,0.006,0.005,0.005,0.004,0,-0.004,-0.003,-0.008,-0.01,-0.016,-0.017,-0.022,-0.023,-0.025,-0.032
iCre-3,Default,3/25/2019,15:20:00,55.15,1.379,0.684,2.02,1.65,40,230,0.834,0.119,Reblank,USB2G21950B9155,1.010104/0.08/128/32,0.896,0.857,0.888,0.844,0.834,0.829,0.834,0.835,0.841,0.845,0.834,0.823,0.835,0.834,0.836,0.844,0.85,0.863,0.901,0.942,0.965,0.992,1.025,1.053,1.106,1.143,1.166,1.198,1.225,1.242,1.26,1.285,1.296,1.312,1.327,1.338,1.355,1.382,1.387,1.384,1.379,1.372,1.353,1.335,1.32,1.264,1.219,1.189,1.15,1.114,1.096,1.052,1.006,0.979,0.932,0.887,0.853,0.805,0.756,0.728,0.684,0.642,0.601,0.574,0.533,0.5,0.472,0.429,0.399,0.375,0.344,0.309,0.287,0.256,0.228,0.209,0.181,0.162,0.146,0.134,0.118,0.104,0.094,0.078,0.069,0.061,0.054,0.052,0.055,0.055,0.057,0.055,0.054,0.05,0.048,0.045,0.035,0.027,0.021,0.019,0.015,0.017,0.013,0.014,0.017,0.017,0.019,0.016,0.013,0.012,0.01,0.002,0.001,0.001,0.002,-0,0.003,0.003,0.002,0.003,0,-0.004,-0,-0.001,-0.003,-0.008,-0.009,-0.008,-0.006,-0.01,-0.015
